{
    "depth": 4.091961642353418,
    "iterations": 152.27525095137952,
    "learning_rate": 0.08795585311974417,
    "max_bin": 157.27317787708617,
    "min_data_in_leaf": 35.69555631200623
}